{
  "project_info": {
    "project_number": "765366896945",
    "project_id": "vnyone-0",
    "storage_bucket": "vnyone-0.firebasestorage.app"
  },
  "client": [
    {
      "client_info": {
        "mobilesdk_app_id": "1:765366896945:android:749a1d48b352bdd6a34810",
        "android_client_info": {
          "package_name": "Com.VNYone.APP"
        }
      },
      "oauth_client": [],
      "api_key": [
        {
          "current_key": "AIzaSyDwJ-jN4KnFrDMQ42Mzhq9dkXXeXUwI4Qs"
        }
      ],
      "services": {
        "appinvite_service": {
          "other_platform_oauth_client": []
        }
      }
    },
    {
      "client_info": {
        "mobilesdk_app_id": "1:765366896945:android:013ed6bc68dd1b39a34810",
        "android_client_info": {
          "package_name": "Com.VNYone.com"
        }
      },
      "oauth_client": [],
      "api_key": [
        {
          "current_key": "AIzaSyDwJ-jN4KnFrDMQ42Mzhq9dkXXeXUwI4Qs"
        }
      ],
      "services": {
        "appinvite_service": {
          "other_platform_oauth_client": []
        }
      }
    }
  ],
  "configuration_version": "1"
}